File_Number,FileStatus,address,Ward,TicketDate,ViolationStatus,Ticket_Number,Violations,Total_Fine
17-022928,Closed,22 POWDER HOUSE BLVD,,12/12/2017,Closed,68181,SCO 12-008,50
17-022943,Closed,12 CLARENDON AVE,,12/12/2017,Closed,68183,SCO 12-008,50
17-022939,Closed,8 FOSKETT ST,,12/12/2017,Closed,68186,SCO 12-008,50
17-022962,Closed,1230 BROADWAY,,12/12/2017,Closed,68177,SCO 12-008,50
17-022948,Closed,28 BROADWAY,,12/12/2017,Closed,68178,SCO 12-008,50
17-022945,Closed,96 HOLLAND ST,,12/12/2017,Closed,68187,SCO 12-008,50
17-022918,Closed,446 BROADWAY,,12/12/2017,Closed,68190,SCO 12-008,50
17-022942,Closed,10 CLARENDON AVE,,12/12/2017,Closed,68179,SCO 12-008,50
17-022960,Closed,52 SYDNEY ST,,12/12/2017,Closed,68180,SCO 12-008,50
17-022923,Closed,50 BROADWAY,,12/12/2017,Closed,68182,SCO 12-008,50
17-022925,Closed,54 BROADWAY,,12/12/2017,Closed,68185,SCO 12-008,50
17-022935,Closed,148 SUMMER ST,,12/12/2017,Closed,68184,SCO 12-008,50
17-022946,Closed,78 BEACON ST,,12/12/2017,Closed,68189,SCO 12-008,50
17-023008,Closed,525 MEDFORD ST,,12/12/2017,Closed,68191,SCO 12-008,50
17-023018,Closed,102 BEACON ST,,12/12/2017,Closed,68194,SCO 12-008A,150
17-023223,Closed,39 ILLINOIS AVE,,12/14/2017,Closed,68254,SCO 12-008,25
17-023709,Closed,16 HINCKLEY ST,,12/26/2017,Closed,68368,SCO 12-008,50
17-023717,Closed,34 PARTRIDGE AVE,,12/26/2017,Closed,68371,SCO 12-008,50
17-023721,Closed,55 PARTRIDGE AVE,,12/26/2017,Closed,68373,SCO 12-008,50
17-023725,Closed,58 HINCKLEY ST,,12/26/2017,Closed,68375,SCO 12-008,50
17-023732,Closed,492 MEDFORD ST,,12/26/2017,Closed,68379,SCO 12-008,50
17-023734,Closed,508 BROADWAY,,12/26/2017,Closed,68380,SCO 12-008,50
17-023738,Closed,102 PEARL ST,,12/26/2017,Closed,68382,SCO 12-008,50
17-023754,Closed,20 WHEELER ST,,12/26/2017,Closed,68385,SCO 12-008,50
17-023756,Closed,25 IBBETSON ST,,12/26/2017,Closed,68386,SCO 12-008,50
17-023760,Closed,90 CENTRAL ST,,12/26/2017,Closed,68388,SCO 12-008,50
17-023764,Closed,100 PORTER ST,,12/26/2017,Closed,68390,SCO 12-008,50
17-023766,Closed,120 SYCAMORE ST,,12/26/2017,Closed,68391,SCO 12-008,50
17-023775,Closed,38 ILLINOIS AVE,,12/26/2017,Closed,68397,SCO 12-008,50
17-023723,Closed,56 HINCKLEY ST,,12/26/2017,Closed,68374,SCO 12-008,50
17-023727,Closed,81 HINCKLEY ST,,12/26/2017,Closed,68376,SCO 12-008,50
17-023736,Closed,113 GLEN ST,,12/26/2017,Closed,68381,SCO 12-008,50
17-023740,Closed,104 PEARL ST,,12/26/2017,Closed,68383,SCO 12-008,50
17-023758,Closed,34 GILMAN ST,,12/26/2017,Closed,68387,SCO 12-008,50
17-023762,Closed,94 CENTRAL ST,,12/26/2017,Closed,68389,SCO 12-008,50
17-023745,Closed,5 CHANDLER ST,,12/26/2017,Closed,68392,SCO 12-008,50
17-023707,Closed,20 MAIN ST,,12/26/2017,Closed,68393,SCO 12-008,50
17-023770,Closed,24 MAIN ST,,12/26/2017,Closed,68394,SCO 12-008,50
17-023714,Closed,11 CUTTER ST,,12/26/2017,Closed,68395,SCO 12-008,50
17-023711,Closed,24 WILTON ST,,12/26/2017,Closed,68369,SCO 12-008,50
17-023715,Closed,28 WILTON ST,,12/26/2017,Closed,68370,SCO 12-008,50
17-023719,Closed,36 PARTRIDGE AVE,,12/26/2017,Closed,68372,SCO 12-008,50
17-023729,Closed,415 MEDFORD ST,,12/26/2017,Closed,68378,SCO 12-008A,150
17-023780,Closed,161 LOWELL ST,,12/26/2017,Closed,68398,SCO 12-008,50
17-023812,Closed,12 NASHUA ST,,12/27/2017,Closed,68399,SCO 12-008,50
17-023753,Closed,19 RUSSELL RD,,12/27/2017,Closed,68404,SCO 12-008,50
17-023804,Closed,1234 BROADWAY,,12/27/2017,Closed,68411,SCO 12-008,50
17-023870,Closed,22 NEWBURY ST,,12/27/2017,Closed,68423,SCO 12-008,50
17-023878,Closed,30 SCHOOL ST,,12/27/2017,Closed,68427,SCO 12-008,50
17-023884,Closed,31 HOLYOKE RD,,12/27/2017,Closed,68429,SCO 12-008,50
17-023896,Closed,195 SCHOOL ST,,12/27/2017,Closed,68434,SCO 12-008,50
17-023823,Closed,72 DOVER ST,,12/27/2017,Closed,68441,SCO 12-008,50
17-023814,Closed,27 WILTON ST,,12/27/2017,Closed,68400,SCO 12-008,50
17-023783,Closed,448 MEDFORD ST,,12/27/2017,Closed,68405,SCO 12-008,50
17-023778,Closed,193 SCHOOL ST,,12/27/2017,Closed,68407,SCO 12-008,50
17-023787,Closed,140 SYCAMORE ST,,12/27/2017,Closed,68408,SCO 12-008,50
17-023802,Closed,6 SPRING ST,,12/27/2017,Closed,68410,SCO 12-008,50
17-023854,Closed,4 BOLTON ST,,12/27/2017,Closed,68416,SCO 12-008,50
17-023856,Closed,8 WEST ST,,12/27/2017,Closed,68417,SCO 12-008,50
17-023858,Closed,10 HOLYOKE RD,,12/27/2017,Closed,68418,SCO 12-008,50
17-023866,Closed,21 MAPLE AVE,,12/27/2017,Closed,68421,SCO 12-008,50
17-023872,Closed,24 MAPLE AVE,,12/27/2017,Closed,68424,SCO 12-008,50
17-023876,Closed,30 ADRIAN ST,,12/27/2017,Closed,68426,SCO 12-008,50
17-023882,Closed,30 WINDSOR RD,,12/27/2017,Closed,68428,SCO 12-008,50
17-023889,Closed,34 HOLYOKE RD,,12/27/2017,Closed,68438,SCO 12-008,50
17-023826,Closed,125 WALNUT ST,,12/27/2017,Closed,68442,SCO 12-008,50
17-023912,Open,571 SOMERVILLE AVE,,12/27/2017,Open,68444,SCO 12-008,50
17-023927,Closed,706 MYSTIC AVE,,12/27/2017,Closed,68446,SCO 12-008A,150
17-023839,Closed,400 SOMERVILLE AVE,,12/27/2017,Closed,68448,SCO 12-008A,150
17-023777,Closed,42 MERRIAM ST,,12/27/2017,Closed,68401,SCO 12-008A,150
17-023748,Closed,14 CUTTER AVE,,12/27/2017,Closed,68402,SCO 12-008,50
17-023788,Closed,48 DICKINSON ST,,12/27/2017,Closed,68403,SCO 12-008,50
17-023776,Closed,35 NEWBURY ST,,12/27/2017,Closed,68406,SCO 12-008,50
17-023798,Closed,50 SPRINGFIELD ST,,12/27/2017,Closed,68409,SCO 12-008,50
17-023746,Closed,21 WINDSOR RD,,12/27/2017,Closed,68412,SCO 12-008,50
17-023800,Closed,40 ADRIAN ST,,12/27/2017,Closed,68413,SCO 12-008,50
17-023801,Closed,44 ADRIAN ST,,12/27/2017,Closed,68414,SCO 12-008,50
17-023852,Closed,2 BOLTON ST,,12/27/2017,Closed,68415,SCO 12-008,50
17-023860,Closed,20 NEWBURY ST,,12/27/2017,Closed,68419,SCO 12-008,50
17-023864,Closed,20 SCHOOL ST,,12/27/2017,Closed,68420,SCO 12-008,50
17-023868,Closed,22 HAWTHORNE ST,,12/27/2017,Closed,68422,SCO 12-008,50
17-023874,Closed,27 MAPLE AVE,,12/27/2017,Closed,68425,SCO 12-008,50
17-023886,Closed,31 RICHARDSON ST,,12/27/2017,Closed,68430,SCO 12-008,50
17-023890,Closed,37 ALLEN ST,,12/27/2017,Closed,68431,SCO 12-008,50
17-023892,Closed,58 ELM ST,,12/27/2017,Closed,68432,SCO 12-008,50
17-023894,Closed,74 SYCAMORE ST,,12/27/2017,Closed,68433,SCO 12-008,50
17-023898,Closed,217 SCHOOL ST,,12/27/2017,Closed,68435,SCO 12-008,50
17-023820,Closed,55 GROVE ST,,12/27/2017,Closed,68436,SCO 12-008,50
17-023819,Closed,357 ALEWIFE BROOK PKWY,,12/27/2017,Closed,68437,SCO 12-008,50
17-023825,Closed,97 DOVER ST,,12/27/2017,Closed,68439,SCO 12-008,50
17-023906,Open,335 ALEWIFE BROOK PKWY,,12/27/2017,Open,68440,SCO 12-008,50
17-023822,Closed,68 DOVER ST,,12/27/2017,Closed,68443,SCO 12-008,50
17-023863,Closed,654 MYSTIC AVE,,12/27/2017,Closed,68445,SCO 12-008A,150
17-023838,Closed,10 CONWELL ST,,12/27/2017,Closed,68447,SCO 12-008,50
17-023938,Open,1234 BROADWAY,,12/28/2017,Open,68479,SCO 12-008,50
17-023945,Open,72 LINE ST,,12/28/2017,Open,68468,SCO 12-008,50
17-023917,Closed,116 COLLEGE AVE,,12/28/2017,Closed,68450,SCO 12-008,50
17-023981,Closed,7 HATHORN ST,,12/28/2017,Closed,68454,SCO 12-008,50
17-023983,Closed,8 AUTUMN ST,,12/28/2017,Closed,68455,SCO 12-008,50
17-023993,Closed,26 FENWICK ST,,12/28/2017,Closed,68460,SCO 12-008,50
17-024003,Closed,57 MYRTLE ST,,12/28/2017,Closed,68466,SCO 12-008,50
17-024007,Closed,78 MORELAND ST,,12/28/2017,Closed,68467,SCO 12-008,50
17-024013,Closed,91 BELMONT ST,,12/28/2017,Closed,68470,SCO 12-008,50
17-024022,Closed,96 PUTNAM RD,,12/28/2017,Closed,68475,SCO 12-008,50
17-024024,Closed,98 GILMAN ST,,12/28/2017,Closed,68476,SCO 12-008,50
17-024027,Closed,105 PENNSYLVANIA AVE,,12/28/2017,Closed,68478,SCO 12-008,50
17-024032,Closed,202 BROADWAY,,12/28/2017,Closed,68482,SCO 12-008,50
17-023970,Closed,67 PROSPECT ST,,12/28/2017,Closed,68486,SCO 12-008,50
17-024044,Closed,71 PROSPECT ST,,12/28/2017,Closed,68488,SCO 12-008,50
17-024096,Closed,73 BAY STATE AVE,,12/28/2017,Closed,68504,SCO 12-008,50
17-024100,Closed,19 TEELE AVE,,12/28/2017,Closed,68506,SCO 12-008,50
17-024102,Closed,24 TEELE AVE,,12/28/2017,Closed,68507,SCO 12-008,50
17-024104,Closed,50 WHITFIELD RD,,12/28/2017,Closed,68508,SCO 12-008,50
17-024110,Closed,16 CONWELL AVE,,12/28/2017,Closed,68510,SCO 12-008,50
17-024115,Closed,20 BEECH ST,,12/28/2017,Closed,68512,SCO 12-008,50
17-023939,Open,1170 BROADWAY,,12/28/2017,Open,68481,SCO 12-008,50
17-023942,Open,56 BEACON ST,,12/28/2017,Open,68474,SCO 12-008,50
17-023948,Open,10 PEARSON AVE,,12/28/2017,Open,68465,SCO 12-008,50
17-023950,Closed,496 MEDFORD ST,,12/28/2017,Closed,68451,SCO 12-008,50
17-023949,Closed,29 ELM ST,,12/28/2017,Closed,68452,SCO 12-008,50
17-023985,Closed,12 FENWICK ST,,12/28/2017,Closed,68456,SCO 12-008,50
17-023987,Closed,19 MACARTHUR ST,,12/28/2017,Closed,68457,SCO 12-008,50
17-023971,Closed,262 SUMMER ST,,12/28/2017,Closed,68464,SCO 12-008,50
17-024015,Closed,92 CONCORD AVE,,12/28/2017,Closed,68471,SCO 12-008,50
17-024017,Closed,5 COONEY ST,,12/28/2017,Closed,68473,SCO 12-008,50
17-024030,Closed,135 TEN HILLS RD,,12/28/2017,Closed,68480,SCO 12-008 SCO 11,100
17-024036,Closed,709 MCGRATH HWY,,12/28/2017,Closed,68484,SCO 12-008A,150
17-024067,Closed,35 TEMPLE ST,,12/28/2017,Closed,68490,SCO 12-008,50
17-024108,Closed,33 BARTON ST,,12/28/2017,Closed,68509,SCO 12-008,50
17-024119,Closed,27 WOODS AVE,,12/28/2017,Closed,68514,SCO 12-008,50
17-023979,Closed,8 PUTNAM RD,,12/28/2017,Closed,68453,SCO 12-008,50
17-023989,Closed,19 INDIANA AVE,,12/28/2017,Closed,68458,SCO 12-008,50
17-023997,Closed,39 ELM ST,,12/28/2017,Closed,68462,SCO 12-008,50
17-024000,Closed,46 PURITAN RD,,12/28/2017,Closed,68463,SCO 12-008,50
17-024010,Closed,90 PUTNAM RD,,12/28/2017,Closed,68469,SCO 12-008,50
17-024018,Closed,94 CONCORD AVE,,12/28/2017,Closed,68472,SCO 12-008,50
17-023944,Closed,82 LINE ST,,12/28/2017,Closed,68477,SCO 12-008,50
17-023915,Closed,8 KENWOOD ST,,12/28/2017,Closed,68483,SCO 12-008,50
17-023916,Closed,16 KENWOOD ST,,12/28/2017,Closed,68485,SCO 12-008,50
17-024042,Closed,69 PROSPECT ST,,12/28/2017,Closed,68487,SCO 12-008,50
17-024046,Closed,79 PROSPECT ST,,12/28/2017,Closed,68489,SCO 12-008,50
17-024069,Closed,31 TEMPLE ST,,12/28/2017,Closed,68491,SCO 12-008,50
17-024094,Closed,72 BAY STATE AVE,,12/28/2017,Closed,68503,SCO 12-008,50
17-024098,Closed,2 WHITMAN ST,,12/28/2017,Closed,68505,SCO 12-008,50
17-024112,Closed,12 CONWELL AVE,,12/28/2017,Closed,68511,SCO 12-008,50
17-024117,Closed,12 CAMERON AVE,,12/28/2017,Closed,68513,SCO 12-008A,150
17-024143,Closed,10 CALVIN ST,,12/29/2017,Closed,68517,SCO 12-008,50
17-024147,Closed,19 GILMAN ST,,12/29/2017,Closed,68519,SCO 12-008,50
17-024123,Closed,23 WILTON ST,,12/29/2017,Closed,68521,SCO 12-008,50
17-024233,Closed,55 PARTRIDGE AVE,,12/29/2017,Closed,68548,SCO 12-008 (2ND OFF),100
17-024198,Closed,74 BROMFIELD RD,,12/29/2017,Closed,68531,SCO 12-008,50
17-024206,Closed,46 HAMILTON ST,,12/29/2017,Closed,68535,SCO 12-008,50
17-024208,Closed,25 WARE ST,,12/29/2017,Closed,68536,SCO 12-008,50
17-024229,Closed,64 GRANT ST,,12/29/2017,Closed,68546,SCO 12-008,50
17-024106,Closed,5 CALVIN ST,,12/29/2017,Closed,68515,SCO 12-008,50
17-024141,Closed,7 PERRY ST,,12/29/2017,Closed,68516,SCO 12-008,50
17-024145,Closed,17 CALVIN ST,,12/29/2017,Closed,68518,SCO 12-008,50
17-024107,Closed,21 CALVIN ST,,12/29/2017,Closed,68520,SCO 12-008,50
17-024152,Closed,28 WILTON ST,,12/29/2017,Closed,68522,SCO 12-008 (2ND OFF),100
17-024155,Closed,31 RICHARDSON ST,,12/29/2017,Closed,68523,SCO 12-008 (2ND OFF),100
17-024157,Closed,36 HUDSON ST,,12/29/2017,Closed,68524,SCO 12-008,50
17-024159,Closed,39 ASH AVE,,12/29/2017,Closed,68525,SCO 12-008,50
17-024161,Closed,71 HUDSON ST,,12/29/2017,Closed,68526,SCO 12-008,50
17-024163,Closed,81 HINCKLEY ST,,12/29/2017,Closed,68527,SCO 12-008 (2ND OFF),100
17-024165,Closed,204 SUMMER ST,,12/29/2017,Closed,68528,SCO 12-008,50
17-024167,Closed,328 WASHINGTON ST,,12/29/2017,Closed,68529,SCO 12-008,50
17-024200,Closed,85 BROMFIELD RD,,12/29/2017,Closed,68532,SCO 12-008,50
17-024202,Closed,9 RAYMOND AVE,,12/29/2017,Closed,68533,SCO 12-008,50
17-024204,Closed,38 RAYMOND AVE,,12/29/2017,Closed,68534,SCO 12-008,50
17-024213,Closed,116 COLLEGE AVE,,12/29/2017,Closed,68539,SCO 12-008,50
17-024215,Closed,711 SOMERVILLE AVE,,12/29/2017,Closed,68540,SCO 12-008A,150
17-024221,Closed,92 PUTNAM RD,,12/29/2017,Closed,68542,SCO 12-008,50
17-024231,Closed,6 ADAMS ST,,12/29/2017,Closed,68547,SCO 12-008,50
17-024237,Closed,83 ROGERS AVE,,12/30/2017,Closed,68549,SCO 12-008,50
17-024239,Closed,79 ROGERS AVE,,12/30/2017,Closed,68550,SCO 12-008,50
17-024241,Closed,93 JOSEPHINE AVE,,12/30/2017,Closed,68551,SCO 12-008,50
17-024243,Closed,2 ROGERS AVE,,12/30/2017,Closed,68552,SCO 12-008,50
17-024248,Closed,93 KIDDER AVE,,12/30/2017,Closed,68554,SCO 12-008,50
17-024250,Closed,20 ELECTRIC AVE,,12/30/2017,Closed,68555,SCO 12-008,50
17-024257,Closed,56 UPLAND RD,,12/30/2017,Closed,68558,SCO 12-008,50
17-024277,Closed,7 CEDAR ST,,12/30/2017,Closed,68567,SCO 12-008,50
17-024281,Closed,23 HARRISON ST,,12/30/2017,Closed,68569,SCO 12-008,50
17-024265,Closed,35 VICTORIA ST,,12/30/2017,Closed,68562,SCO 12-008,50
17-024279,Closed,93 SACRAMENTO ST,,12/30/2017,Closed,68568,SCO 12-008,50
17-024246,Closed,66 HIGHLAND RD,,12/30/2017,Closed,68553,SCO 12-008,50
17-024254,Closed,30 PACKARD AVE,,12/30/2017,Closed,68557,SCO 12-008,50
17-024259,Closed,152 CURTIS ST,,12/30/2017,Closed,68559,SCO 12-008,50
17-024261,Closed,69 CONWELL AVE,,12/30/2017,Closed,68560,SCO 12-008,50
17-024263,Closed,29 VICTORIA ST,,12/30/2017,Closed,68561,SCO 12-008,50
17-024283,Closed,25 IVALOO ST,,12/30/2017,Closed,68570,SCO 12-008,50
17-024285,Closed,526 SOMERVILLE AVE,,12/30/2017,Closed,68571,SCO 12-008A,150
17-024235,Closed,8 CEDAR AVE,,01/02/2018,Closed,68572,SCO 12-008,50
18-000039,Closed,10 AUBURN AVE,,01/02/2018,Closed,68573,SCO 12-008,50
18-000056,Closed,28 WILTON ST,,01/02/2018,Closed,68580,SCO 12-008 (3RD OFF),200
18-000066,Closed,34 HOLYOKE RD,,01/02/2018,Closed,68584,SCO 12-008 (2ND OFF),100
18-000070,Closed,39 ELM ST,,01/02/2018,Closed,68585,SCO 12-008 (2ND OFF) SCO 11-032100(2ND,
18-000072,Closed,41 CLAREMON ST,,01/02/2018,Closed,68608,SCO 12-008,50
18-000076,Closed,81 HINCKLEY ST,,01/02/2018,Closed,68587,SCO 12-008 (3RD OFF),200
18-000096,Closed,125 LOWELL ST,,01/02/2018,Closed,68589,SCO 12-008A,150
18-000101,Closed,100 SYCAMORE ST,,01/02/2018,Closed,68607,SCO 12-008,50
18-000047,Closed,26 THORNDIKE ST,,01/02/2018,Closed,68577,SCO 12-008,50
18-000052,Closed,28 CLAREMON ST,,01/02/2018,Closed,68579,SCO 12-008,50
18-000059,Closed,31 HOLYOKE RD,,01/02/2018,Closed,68581,SCO 12-008 (2ND OFF),100
18-000098,Closed,415 MEDFORD ST,,01/02/2018,Closed,68594,SCO 12-008,50
18-000020,Closed,131 SUMMER ST,,01/02/2018,Closed,68590,SCO 12-008,50
18-000021,Closed,137 SUMMER ST,,01/02/2018,Closed,68591,SCO 12-008,50
18-000102,Closed,140 SUMMER ST,,01/02/2018,Closed,68592,SCO 12-008,50
18-000114,Closed,362 LOWELL ST,,01/02/2018,Closed,68597,SCO 12-008,50
18-000041,Closed,10 HOLYOKE RD,,01/02/2018,Closed,68574,SCO 12-008 (2ND OFF),100
18-000043,Closed,22 FOUNTAIN AVE,,01/02/2018,Closed,68575,SCO 12-008,50
18-000010,Closed,24 LOWELL ST,,01/02/2018,Closed,68576,SCO 12-008,50
18-000050,Closed,23 WILTON ST,,01/02/2018,Closed,68578,SCO 12-008 (2ND OFF),100
18-000061,Closed,31 RICHARDSON ST,,01/02/2018,Closed,68582,SCO 12-008 (3RD OFF),200
18-000064,Closed,33 OLIVER ST,,01/02/2018,Closed,68583,SCO 12-008,50
17-024194,Closed,87 MARSHALL ST,,01/02/2018,Closed,68588,SCO 12-008,25
18-000106,Closed,161 LOWELL ST,,01/02/2018,Closed,68593,SCO 12-008 (2ND OFF),100
18-000109,Open,72 THURSTON ST,,01/02/2018,Open,68596,SCO 12-008,50
18-000117,Closed,366 LOWELL ST,,01/02/2018,Closed,68598,SCO 12-008,50
18-000068,Closed,50 SPRINGFIELD ST,,01/02/2018,Closed,68600,SCO 12-008 (2ND OFF),100
18-000128,Closed,40 COLLEGE HILL RD,,01/02/2018,Closed,68603,SCO 12-008,50
18-000134,Closed,146 POWDER HOUSE BLVD,,01/02/2018,Closed,68605,SCO 12-008,50
18-000116,Open,43 THURSTON ST,,01/02/2018,Open,68599,SCO 12-008,50
18-000120,Open,9 RAYMOND AVE,,01/02/2018,Open,68601,SCO 12-008,50
18-000125,Closed,93 RAYMOND AVE,,01/02/2018,Closed,68602,SCO 12-008,50
18-000130,Closed,147 POWDER HOUSE BLVD,,01/02/2018,Closed,68604,SCO 12-008,50
18-000126,Closed,62 NORTH ST,,01/02/2018,Closed,68606,SCO 12-008,50
18-000110,Closed,200 CENTRAL ST,,01/02/2018,Closed,68595,SCO 12-008,50
18-000113,Closed,67 THURSTON ST,,01/03/2018,Closed,68609,SCO 12-008,50
18-000194,Closed,11 MORRISON AVE,,01/03/2018,Closed,68624,SCO 12-008,50
18-000196,Closed,11 ENDICOTT AVE,,01/03/2018,Closed,68625,SCO 12-008,50
18-000145,Closed,11 WILLIAM ST,,01/03/2018,Closed,68626,SCO 12-008,50
18-000208,Closed,34 BAY STATE AVE,,01/03/2018,Closed,68631,SCO 12-008,50
18-000210,Closed,72 BAY STATE AVE,,01/03/2018,Closed,68632,SCO 12-008 (2ND OFF),100
18-000087,Closed,78 BEACON ST,,01/03/2018,Closed,68634,SCO 12-008,50
18-000215,Closed,77 BAY STATE AVE,,01/03/2018,Closed,68635,SCO 12-008,50
18-000229,Closed,5 CROSS ST,,01/03/2018,Closed,68638,SCO 12-008,50
18-000235,Closed,82 ELECTRIC AVE,,01/03/2018,Closed,68641,SCO 12-008,50
18-000281,Closed,28 BROADWAY,,01/03/2018,Closed,68648,SCO 12-008A 2ND OFF,300
18-000187,Closed,3 MORRISON AVE,,01/03/2018,Closed,68621,SCO 12-008,50
18-000189,Closed,2 BOLTON ST,,01/03/2018,Closed,68622,SCO 12-008 (2ND OFF),100
18-000192,Closed,7 MORRISON AVE,,01/03/2018,Closed,68623,SCO 12-008,50
18-000199,Closed,18 WALKER ST,,01/03/2018,Closed,68627,SCO 12-008,50
18-000201,Closed,21 APPLETON ST,,01/03/2018,Closed,68628,SCO 12-008,50
18-000203,Closed,30 LEONARD ST,,01/03/2018,Closed,68629,SCO 12-008,50
18-000205,Closed,33 BARTON ST,,01/03/2018,Closed,68630,SCO 12-008 (2ND OFF),100
18-000219,Closed,941 BROADWAY,,01/03/2018,Closed,68637,SCO 12-008,50
18-000233,Closed,20 ELECTRIC AVE,,01/03/2018,Closed,68640,SCO 12-008,50
18-000153,Closed,448 MEDFORD ST,,01/03/2018,Closed,68642,SCO 12-008 (2ND OFF),100
18-000279,Closed,26 KENSINGTON AVE,,01/03/2018,Closed,68647,SCO 12-008 (2ND OFF),100
18-000140,Closed,196 POWDER HOUSE BLVD,,01/03/2018,Closed,68613,SCO 12-008,50
18-000212,Closed,73 BAY STATE AVE,,01/03/2018,Closed,68633,SCO 12-008 (2ND OFF),100
18-000217,Closed,93 ORCHARD ST,,01/03/2018,Closed,68636,SCO 12-008,50
18-000231,Closed,7 CROSS ST,,01/03/2018,Closed,68639,SCO 12-008,50
18-000105,Closed,138 SYCAMORE ST,,01/03/2018,Closed,68611,SCO 12-008,50
18-000122,Closed,38 RAYMOND AVE,,01/03/2018,Closed,68612,SCO 12-008,50
18-000103,Open,133 SYCAMORE ST,,01/03/2018,Open,68610,SCO 12-008,50
18-000322,Closed,27 MAPLE AVE,,01/05/2018,Closed,68652,SCO 12-008 (2ND OFF),100
18-000326,Closed,24 CHANDLER ST,,01/05/2018,Closed,68653,SCO 12-008,50
18-000323,Closed,30 CHANDLER ST,,01/05/2018,Closed,68654,SCO 12-008,50
18-000311,Closed,98 MORRISON AVE,,01/05/2018,Closed,68657,SCO 12-008,50
18-000327,Closed,17 KINGMAN RD,,01/05/2018,Closed,68659,SCO 12-008,50
18-000361,Closed,18 KINGMAN RD,,01/05/2018,Closed,68665,SCO 12-008,50
18-000379,Closed,34 PEARL ST,,01/05/2018,Closed,68673,SCO 12-008,50
18-000383,Closed,35 PEARL ST,,01/05/2018,Closed,68675,SCO 12-008,50
18-000387,Closed,110 WILLOW AVE,,01/05/2018,Closed,68677,SCO 12-008A,150
18-000397,Closed,453 SOMERVILLE AVE,,01/05/2018,Closed,68682,SCO 12-008A,150
18-000398,Closed,27 MAPLE AVE,,01/05/2018,Closed,68683,SCO 12-008,50
18-000310,Closed,86 HIGHLAND AVE,,01/05/2018,Closed,68649,SCO 12-008,50
18-000242,Closed,20 POWDER HOUSE BLVD,,01/05/2018,Closed,68650,SCO 12-008,50
18-000278,Closed,174 SOMERVILLE AVE,,01/05/2018,Closed,68651,SCO 12-008A,150
18-000316,Closed,16 CURTIS ST,,01/05/2018,Closed,68656,SCO 12-008,50
18-000328,Closed,42 CURTIS AVE,,01/05/2018,Closed,68658,SCO 12-008,50
18-000325,Closed,18 CHANDLER ST,,01/05/2018,Closed,68660,SCO 12-008,50
18-000353,Closed,7 MORRISON AVE,,01/05/2018,Closed,68661,SCO 12-008 (2ND OFF),100
18-000358,Closed,2 DICKSON ST,,01/05/2018,Closed,68664,SCO 12-008,50
18-000363,Closed,21 CALVIN ST,,01/05/2018,Closed,68666,SCO 12-008 (2ND OFF),100
18-000365,Closed,3 DANE ST,,01/05/2018,Closed,68667,SCO 12-008,50
18-000367,Closed,18 CALVIN ST,,01/05/2018,Closed,68668,SCO 12-008,50
18-000369,Closed,5 CALVIN ST,,01/05/2018,Closed,68670,SCO 12-008,50
18-000375,Closed,33 BARTON ST,,01/05/2018,Closed,68671,SCO 12-008 (2ND OFF),100
18-000380,Closed,9 DANE ST,,01/05/2018,Closed,68674,SCO 12-008,50
18-000390,Closed,20 KINGMAN RD,,01/05/2018,Closed,68679,SCO 12-008,50
18-000393,Closed,23 ELSTON ST,,01/05/2018,Closed,68680,SCO 12-008,50
18-000395,Closed,205 BROADWAY,,01/05/2018,Closed,68681,SCO 12-008A,150
18-000320,Closed,15 KINGMAN RD,,01/05/2018,Closed,68655,SCO 12-008,50
18-000355,Closed,11 MORRISON AVE,,01/05/2018,Closed,68662,SCO 12-008 (2ND OFF),100
18-000357,Closed,15 RUSSELL RD,,01/05/2018,Closed,68663,SCO 12-008,50
18-000370,Closed,32 PROSPECT ST,,01/05/2018,Closed,68669,SCO 12-008,50
18-000374,Closed,32 WARD ST,,01/05/2018,Closed,68700,SCO 12-008,50
18-000376,Closed,8 CALVIN ST,,01/05/2018,Closed,68672,SCO 12-008,50
18-000385,Closed,5 CHANDLER ST,,01/05/2018,Closed,68676,SCO 12-008,50
18-000389,Closed,153 SOUTH ST,,01/05/2018,Closed,68678,SCO 12-008A,150
18-000401,Closed,27 WILLOW AVE,,01/05/2018,Closed,68684,SCO 12-008,50
18-000426,Closed,104 GILMAN ST,,01/06/2018,Closed,68689,SCO 12-008,50
18-000427,Closed,108 GILMAN ST,,01/06/2018,Closed,68699,SCO 12-008,50
18-000435,Closed,289 HIGHLAND AVE,,01/06/2018,Closed,68690,SCO 12-008A,150
18-000443,Closed,12 DEARBORN RD,,01/06/2018,Closed,68694,SCO 12-008A,150
18-000445,Closed,16 DEARBORN RD,,01/06/2018,Closed,68695,SCO 12-008A,150
18-000342,Closed,24 DEARBORN RD,,01/06/2018,Closed,68703,SCO 12-008,50
18-000467,Closed,16 DEARBORN RD,,01/06/2018,Closed,68706,SCO 12-008,50
18-000343,Closed,11 PINCKNEY ST,,01/06/2018,Closed,68710,SCO 12-008,50
18-000497,Closed,57 MYRTLE ST,,01/06/2018,Closed,68722,SCO 12-008,50
18-000430,Closed,57 KIDDER AVE,,01/06/2018,Closed,68727,SCO 12-008,50
18-000409,Closed,530 SOMERVILLE AVE,,01/06/2018,Closed,68732,SCO 12-008A,150
18-000418,Closed,289 HIGHLAND AVE,,01/06/2018,Closed,68735,SCO 12-008,50
18-000529,Closed,261 SOMERVILLE AVE,,01/06/2018,Closed,68739,SCO 12-008,50
18-000534,Closed,102 WILLOW AVE,,01/06/2018,Closed,68741,SCO 12-008,50
18-000561,Closed,38 EDGAR AVE,,01/06/2018,Closed,68755,SCO 12-008A,150
18-000422,Closed,30 CHANDLER ST,,01/06/2018,Closed,68685,SCO 12-008,50
18-000428,Closed,98 MORRISON AVE,,01/06/2018,Closed,68687,SCO 12-008,50
18-000431,Closed,42 CURTIS ST,,01/06/2018,Closed,68688,SCO 12-008,50
18-000452,Closed,32 HANSON ST,,01/06/2018,Closed,68698,SCO 12-008,50
18-000460,Closed,377 WASHINGTON ST,,01/06/2018,Closed,68702,SCO 12-008A,150
18-000465,Closed,12 DEARBORN RD,,01/06/2018,Closed,68705,SCO 12-008,50
18-000468,Closed,111 SOUTH ST,,01/06/2018,Closed,,SCO 12-008A,150
18-000470,Closed,28 DEARBORN RD,,01/06/2018,Closed,68707,SCO 12-008,50
18-000473,Closed,296 HIGHLAND AVE,,01/06/2018,Closed,68709,SCO 12-008,50
18-000477,Closed,15 ALDRICH ST,,01/06/2018,Closed,68711,SCO 12-008,50
18-000479,Closed,22 POWDER HOUSE BLVD,,01/06/2018,Closed,68712,SCO 12-008,50
18-000406,Closed,22 LOWELL ST,,01/06/2018,Closed,68713,SCO 12-008 (2ND OFF),100
18-000482,Closed,27 PINCKNEY ST,,01/06/2018,Closed,68714,SCO 12-008,50
18-000487,Closed,33 PINCKNEY ST,,01/06/2018,Closed,68716,SCO 12-008,50
18-000489,Closed,37 HARRISON ST,,01/06/2018,Closed,68717,SCO 12-008,50
18-000491,Closed,40 HAWTHORNE ST,,01/06/2018,Closed,68718,SCO 12-008,50
18-000417,Closed,50 POWDER HOUSE BLVD,,01/06/2018,Closed,68719,SCO 12-008,50
18-000494,Closed,56 GILMAN ST,,01/06/2018,Closed,68720,SCO 12-008,50
18-000334,Closed,97 COLLEGE AVE,,01/06/2018,Closed,68721,SCO 12-008,50
18-000499,Closed,58 BURNSIDE AVE,,01/06/2018,Closed,68723,SCO 12-008,50
18-000501,Open,33 MARION ST,,01/06/2018,Open,68740,SCO 12-008,50
18-000414,Closed,357 ALEWIFE BROOK PKWY,,01/06/2018,Closed,68725,SCO 12-008,50
18-000505,Closed,103 WASHINGTON ST,,01/06/2018,Closed,68726,SCO 12-008A,150
18-000507,Closed,10 WYATT ST,,01/06/2018,Closed,68750,SCO 12-008,50
18-000508,Closed,37 MARION ST,,01/06/2018,Closed,68752,SCO 12-008,50
18-000513,Closed,324 WASHINGTON ST,,01/06/2018,Closed,68753,SCO 12-008,50
18-000514,Closed,57 COLLEGE AVE,,01/06/2018,Closed,68730,SCO 12-008,50
18-000331,Closed,299 BROADWAY,,01/06/2018,Closed,68731,SCO 12-008A,150
18-000520,Closed,197 COLLEGE AVE,,01/06/2018,Closed,68734,SCO 12-008,50
18-000525,Closed,463 MCGRATH HWY,,01/06/2018,Closed,68737,SCO 12-008A,150
18-000527,Closed,669 SOMERVILLE AVE,,01/06/2018,Closed,68738,SCO 12-008A,150
18-000537,Closed,144 WILLOW AVE,,01/06/2018,Closed,68743,SCO 12-008,50
18-000539,Closed,14 APPLETON ST,,01/06/2018,Closed,68744,SCO 12-008,50
18-000541,Closed,56 UPLAND RD,,01/06/2018,Closed,68745,SCO 12-008 (2ND OFF),100
18-000543,Closed,176 CURTIS ST,,01/06/2018,Closed,68746,SCO 12-008A,150
18-000545,Closed,28 SUNSET RD,,01/06/2018,Closed,68747,SCO 12-008,50
18-000547,Closed,32 SUNSET RD,,01/06/2018,Closed,68748,SCO 12-008,50
18-000549,Closed,36 SUNSET RD,,01/06/2018,Closed,68749,SCO 12-008,50
18-000562,Closed,36 EDGAR AVE,,01/06/2018,Closed,68754,SCO 12-008A,150
18-000424,Closed,30 PROSPECT ST,,01/06/2018,Closed,68686,SCO 12-008,50
18-000430,Closed,57 KIDDER AVE,,01/06/2018,Closed,68728,SCO 12-008,50
18-000439,Closed,6 WARNER ST,,01/06/2018,Closed,68692,SCO 12-008,50
18-000441,Closed,24 DEARBORN RD,,01/06/2018,Closed,68693,SCO 12-008,50
18-000447,Closed,32 DEARBORN RD,,01/06/2018,Closed,68696,SCO 12-008A,150
18-000450,Closed,526 SOMERVILLE AVE,,01/06/2018,Closed,68697,SCO 12-008A 2ND OFF,300
18-000458,Closed,52 HANSON ST,,01/06/2018,Closed,68701,SCO 12-008,50
18-000463,Closed,62 DANE ST,,01/06/2018,Closed,68704,SCO 12-008,50
18-000472,Closed,32 DEARBORN RD,,01/06/2018,Closed,68708,SCO 12-008,50
18-000502,Closed,65 BROMFIELD RD,,01/06/2018,Closed,68724,SCO 12-008,50
18-000405,Closed,492 MEDFORD ST,,01/06/2018,Closed,68729,SCO 12-008,50
18-000512,Closed,5 VILLAGE ST,,01/06/2018,Closed,68751,SCO 12-008,50
18-000518,Closed,57 MYRTLE ST,,01/06/2018,Closed,68733,SCO 12-008,50
18-000523,Closed,282 CEDAR ST,,01/06/2018,Closed,68736,SCO 12-008,50
18-000531,Open,277 WASHINGTON ST,,01/06/2018,Open,68742,SCO 12-008,50
18-000605,Closed,23 WILTON ST,,01/08/2018,Closed,68758,SCO 12-008 (3RD OFF),200
18-000719,Closed,11 MORRISON AVE,,01/08/2018,Closed,68767,SCO 12-008 (3RD OFF),200
18-000728,Closed,18 ALPINE ST,,01/08/2018,Closed,68771,SCO 12-008,50
18-000733,Closed,29 TRULL ST,,01/08/2018,Closed,68800,SCO 12-008,50
18-000620,Closed,39 ASH AVE,,01/08/2018,Closed,68774,SCO 12-008,50
18-000740,Closed,62 NORTH ST,,01/08/2018,Closed,68775,SCO 12-008,50
18-000742,Closed,68 NORTH ST,,01/08/2018,Closed,68776,SCO 12-008,50
18-000756,Closed,169 CEDAR ST,,01/08/2018,Closed,68782,SCO 12-008,50
18-000663,Closed,88 DOVER ST,,01/08/2018,Closed,68794,SCO 12-008,50
18-000814,Closed,148 WILLOW AVE,,01/08/2018,Closed,68797,SCO 12-008,50
18-000601,Closed,91 MARSHALL ST,,01/08/2018,Closed,68756,SCO 12-008A,150
18-000603,Closed,28 WILTON ST,,01/08/2018,Closed,68757,SCO 12-008 (3RD OFF),200
18-000716,Closed,9 JAQUES ST,,01/08/2018,Closed,68766,SCO 12-008,50
18-000726,Closed,16 WATSON ST,,01/08/2018,Closed,68770,SCO 12-008,50
18-000744,Closed,70 MORELAND ST,,01/08/2018,Closed,68777,SCO 12-008,50
18-000805,Closed,17 MONMOUTH ST,,01/08/2018,Closed,68792,SCO 12-008,50
18-000690,Closed,144 WILLOW AVE,,01/08/2018,Closed,68796,SCO 12-008,50
18-000775,Closed,212 ELM ST,,01/08/2018,Closed,68799,SCO 12-008A,150
18-000714,Closed,7 MORRISON AVE,,01/08/2018,Closed,68765,SCO 12-008 (3RD OFF),200
18-000730,Closed,21 MAIN ST,,01/08/2018,Closed,68801,SCO 12-008,50
18-000736,Closed,33 BARTON ST,,01/08/2018,Closed,68773,SCO 12-008 (2ND OFF),100
18-000619,Closed,100 FELLSWAY WEST,,01/08/2018,Closed,68778,SCO 12-008A,150
18-000747,Closed,110 WILLOW AVE,,01/08/2018,Closed,68779,SCO 12-008A 2ND OFF,300
18-000749,Closed,124 CEDAR ST,,01/08/2018,Closed,68780,SCO 12-008 (2ND OFF),100
18-000751,Closed,132 CEDAR ST,,01/08/2018,Closed,68781,SCO 12-008,50
18-000689,Closed,367 BROADWAY,,01/08/2018,Closed,68784,SCO 12-008,50
18-000760,Closed,494 MEDFORD ST,,01/08/2018,Closed,68785,SCO 12-008,50
18-000555,Closed,101 ELM ST,,01/08/2018,Closed,68788,SCO 12-008,50
18-000693,Closed,2 DICKSON ST,,01/08/2018,Closed,68789,SCO 12-008 (2ND OFF),100
18-000800,Closed,9 CLEVELAND ST,,01/08/2018,Closed,68790,SCO 12-008,50
18-000650,Closed,13 CLEVELAND ST,,01/08/2018,Closed,68791,SCO 12-008,50
18-000807,Closed,66 MYRTLE ST,,01/08/2018,Closed,68793,SCO 12-008,50
18-000811,Closed,102 CURTIS ST,,01/08/2018,Closed,68795,SCO 12-008,50
18-000685,Closed,78 BEACON ST,,01/08/2018,Closed,68798,SCO 12-008 (3RD OFF),200
18-000984,Closed,13 WARWICK ST,,01/09/2018,Closed,68809,SCO 12-008,50
18-000986,Closed,289 HIGHLAND AVE,,01/09/2018,Closed,68810,SCO 12-008A 2ND OFF,300
18-000992,Closed,88 DOVER ST,,01/09/2018,Closed,68813,SCO 12-008,50
18-001000,Open,212 HOLLAND ST,,01/09/2018,Open,,SCO 12-008A,150
18-001007,Closed,352 WASHINGTON ST,,01/09/2018,Closed,68820,SCO 12-008A,150
18-001009,Closed,125 LOWELL ST,,01/09/2018,Closed,68821,SCO 12-008A 2ND OFF,300
18-000858,Open,174 SOMERVILLE AVE,,01/09/2018,Open,68803,SCO 12-008A 2ND OFF,300
18-000994,Closed,23 DAY ST,,01/09/2018,Closed,68814,SCO 12-008,50
18-001001,Closed,19 BAILEY ST,,01/09/2018,Closed,68817,SCO 12-008,50
18-001011,Closed,3 ADAMS ST,,01/09/2018,Closed,68822,SCO 12-008,50
18-000691,Open,299 BROADWAY,,01/09/2018,Open,68802,SCO 12-008A,150
18-000988,Closed,24 HALL ST,,01/09/2018,Closed,68811,SCO 12-008A,150
18-001003,Closed,594 SOMERVILLE AVE,,01/09/2018,Closed,68818,SCO 12-008A,150
18-001005,Closed,99 BEACON ST,,01/09/2018,Closed,68819,SCO 12-008,50
18-001107,Closed,21 LAKE ST,,01/10/2018,Closed,68825,SCO 12-008,50
18-001113,Closed,174 SOMERVILLE AVE,,01/10/2018,Closed,68828,SCO 12-008A,150
18-001117,Closed,36 MERRIAM ST,,01/10/2018,Closed,68830,SCO 12-008,50
18-001127,Closed,100 FELLSWAY WEST,,01/10/2018,Closed,68835,SCO 12-008A 2ND OFF,300
18-001143,Closed,645 BROADWAY,,01/10/2018,Closed,68842,SCO 12-008A,150
18-001098,Closed,0 GREAT RIVER RD,,01/10/2018,Closed,68823,SCO 12-008A,150
18-001129,Closed,17 WASHINGTON ST,,01/10/2018,Closed,68836,SCO 12-008A,150
18-001131,Closed,46 PINCKNEY ST,,01/10/2018,Closed,68837,SCO 12-008,50
18-001134,Closed,47 MAIN ST,,01/10/2018,Closed,68838,SCO 12-008,50
18-001141,Closed,943 BROADWAY,,01/10/2018,Closed,68841,SCO 12-008,50
18-001105,Closed,400 SOMERVILLE AVE,,01/10/2018,Closed,68824,SCO 12-008A,150
18-001109,Closed,22 LAKE ST,,01/10/2018,Closed,68826,SCO 12-008,50
18-001111,Closed,261 SOMERVILLE AVE,,01/10/2018,Closed,68827,SCO 12-008A 2ND OFF,300
18-001115,Closed,42 MERRIAM ST,,01/10/2018,Closed,68829,SCO 12-008,50
18-001121,Closed,19 ALDRICH ST,,01/10/2018,Closed,68832,SCO 12-008,50
18-001123,Closed,15 ALDRICH ST,,01/10/2018,Closed,68833,SCO 12-008A 2ND OFF,300
18-001125,Closed,56 GILMAN ST,,01/10/2018,Closed,68834,SCO 12-008 (2ND OFF),100
18-001136,Closed,88 IRVING ST,,01/10/2018,Closed,68839,SCO 12-008,50
18-001138,Closed,20 NEWBURY ST,,01/10/2018,Closed,68840,SCO 12-008,50
18-001213,Closed,12 ALPINE ST,,01/11/2018,Closed,68848,SCO 12-008,50
18-001221,Closed,88 DOVER ST,,01/11/2018,Closed,68852,SCO 12-008 (2ND OFF),100
18-001223,Closed,11 BANKS ST,,01/11/2018,Closed,68853,SCO 12-008,50
18-001232,Closed,17 HANSON ST,,01/11/2018,Closed,68857,SCO 12-008,50
18-001236,Closed,7 CENTRAL ST,,01/11/2018,Closed,68859,SCO 12-008,50
18-001240,Closed,229 SCHOOL ST,,01/11/2018,Closed,68861,SCO 12-008,50
18-001246,Closed,70 GLEN ST,,01/11/2018,Closed,68864,SCO 12-008,50
18-001248,Closed,103 WASHINGTON ST,,01/11/2018,Closed,68865,SCO 12-008A 2ND OFF,300
18-001254,Closed,74 WALNUT ST,,01/11/2018,Closed,68868,SCO 12-008,50
18-001263,Closed,189 BOSTON AVE,,01/11/2018,Closed,68872,SCO 12-008,50
18-001217,Closed,289 HIGHLAND AVE,,01/11/2018,Closed,68850,SCO 12-008A 2ND OFF,300
18-001219,Closed,2 DICKSON ST,,01/11/2018,Closed,68851,SCO 12-008 (2ND OFF),100
18-001225,Closed,259 SUMMER ST,,01/11/2018,Closed,68854,SCO 12-008A,150
18-001227,Closed,39 CLARK ST,,01/11/2018,Closed,68855,SCO 12-008,50
18-001242,Closed,42 JAQUES ST,,01/11/2018,Closed,68862,SCO 12-008A,150
18-001250,Closed,105 WASHINGTON ST,,01/11/2018,Closed,68866,SCO 12-008,50
18-001257,Closed,60 SUMMER ST,,01/11/2018,Closed,68869,SCO 12-008,50
18-001215,Closed,132 CEDAR ST,,01/11/2018,Closed,68849,SCO 12-008 (2ND OFF),100
18-001229,Closed,153 SOUTH ST,,01/11/2018,Closed,68856,SCO 12-008A 2ND OFF,300
18-001234,Closed,377 WASHINGTON ST,,01/11/2018,Closed,68858,SCO 12-008A 2ND OFF,300
18-001238,Closed,36 EDGAR AVE,,01/11/2018,Closed,68860,SCO 12-008A 2ND OFF,300
18-001244,Closed,55 MARSHALL ST,,01/11/2018,Closed,68863,SCO 12-008,50
18-001252,Closed,5 CALVIN ST,,01/11/2018,Closed,68867,SCO 12-008 (2ND OFF),100
18-001259,Closed,366 LOWELL ST,,01/11/2018,Closed,68870,SCO 12-008 (2ND OFF),100
18-001261,Closed,42 IRVINGTON RD,,01/11/2018,Closed,68871,SCO 12-008,50
18-000968,Closed,47 MAIN ST,,01/12/2018,Closed,68874,SCO 12-008,50
18-001297,Closed,100 FELLSWAY WEST,,01/12/2018,Closed,68878,SCO 12-008A 2ND OFF,300
18-001299,Closed,156 SYCAMORE ST,,01/12/2018,Closed,68879,SCO 12-008,50
18-001305,Closed,24 DEARBORN RD,,01/12/2018,Closed,68882,SCO 12-008 (2ND OFF),100
18-001323,Closed,56 UPLAND RD,,01/12/2018,Closed,68891,SCO 12-008 (3RD OFF),200
18-001269,Closed,28 WILTON ST,,01/12/2018,Closed,68873,SCO 12-008 (3RD OFF),200
18-001317,Closed,2 DICKSON ST,,01/12/2018,Closed,68888,SCO 12-008 (3RD OFF),200
18-001319,Closed,88 DOVER ST,,01/12/2018,Closed,68889,SCO 12-008 (3RD OFF),200
18-001301,Closed,125 LOWELL ST,,01/12/2018,Closed,68880,SCO 12-008A 2ND OFF,300
18-001506,Closed,22 BILLINGHAM ST,,01/16/2018,Closed,68928,SCO 12-008,50
18-001423,Closed,50 SPENCER AVE,,01/16/2018,Closed,68930,SCO 12-008,50
18-001465,Closed,12 PARTRIDGE AVE,,01/16/2018,Closed,68913,SCO 12-008,50
18-001475,Closed,42 SPRING ST,,01/16/2018,Closed,68918,SCO 12-008,50
18-001411,Closed,20 DELL ST,,01/16/2018,Closed,68929,SCO 12-008,50
18-001678,Closed,13 WEBSTER ST,,01/18/2018,Closed,68960,SCO 12-008,50
18-001684,Closed,22 PURITAN RD,,01/18/2018,Closed,68963,SCO 12-008,50
18-001689,Closed,28 WILTON ST,,01/18/2018,Closed,68965,SCO 12-008 (3RD OFF),200
18-001710,Closed,50 BOSTON AVE,,01/18/2018,Closed,68974,SCO 12-008,50
18-001770,Closed,53 HANCOCK ST,,01/18/2018,Closed,68991,SCO 12-008,50
18-001676,Closed,11 WEBSTER ST,,01/18/2018,Closed,68959,SCO 12-008,50
18-001699,Closed,38 PURITAN RD,,01/18/2018,Closed,68969,SCO 12-008,50
18-001747,Closed,57 BAILEY RD,,01/18/2018,Closed,68984,SCO 12-008,50
18-001749,Closed,107 TEMPLE ST,,01/18/2018,Closed,68985,SCO 12-008,50
18-001751,Closed,115 TEMPLE ST,,01/18/2018,Closed,68986,SCO 12-008,50
18-001753,Closed,119 TEMPLE ST,,01/18/2018,Closed,68987,SCO 12-008,50
18-001766,Closed,100 FELLSWAY WEST,,01/18/2018,Closed,68989,SCO 12-008A 2ND OFF,300
18-001686,Closed,24 BOSTON ST,,01/18/2018,Closed,68964,SCO 12-008,50
18-001691,Closed,30 PEMBROKE ST,,01/18/2018,Closed,68966,SCO 12-008,50
18-001697,Closed,32 WILTON ST,,01/18/2018,Closed,68968,SCO 12-008,50
18-001704,Closed,38 PURITAN RD,,01/18/2018,Closed,68971,SCO 12-008,50
18-001706,Closed,46 FLORENCE ST,,01/18/2018,Closed,68972,SCO 12-008,50
18-001733,Closed,303 LOWELL ST,,01/18/2018,Closed,68982,SCO 12-008,50
18-001741,Closed,40 GILMAN ST,,01/18/2018,Closed,68983,SCO 12-008,50
18-001680,Closed,12 FENNELL ST,,01/18/2018,Closed,68961,SCO 12-008,50
18-001694,Closed,31 DARTMOUTH ST,,01/18/2018,Closed,68967,SCO 12-008,50
18-001701,Closed,36 RICHARDSON ST,,01/18/2018,Closed,68970,SCO 12-008,50
18-001708,Closed,49 HINCKLEY ST,,01/18/2018,Closed,68973,SCO 12-008,50
18-001714,Closed,56 HINCKLEY ST,,01/18/2018,Closed,68976,SCO 12-008 (2ND OFF),100
18-001731,Closed,119 CENTRAL ST,,01/18/2018,Closed,68981,SCO 12-008,50
18-001847,Closed,39 ASH AVE,,01/19/2018,Closed,69012,SCO 12-008 (3RD OFF),200
18-001849,Closed,100 FELLSWAY WEST,,01/19/2018,Closed,69013,SCO 12-008A 2ND OFF,300
18-001869,Closed,45 WILLOW AVE,,01/19/2018,Closed,69023,SCO 12-008,50
18-001879,Closed,20 TEELE AVE,,01/20/2018,Closed,69026,SCO 12-008,50
18-001885,Closed,11 MOSSLAND ST,,01/20/2018,Closed,69029,SCO 12-008,50
